state_province,position_group,nfl_players,population,nfl_per_1m,nfl_per_100k
AL,ATH,4,5028092,0.8,0.08
AL,DB,12,5028092,2.39,0.24
AL,DL,10,5028092,1.99,0.2
AL,LB,9,5028092,1.79,0.18
AL,OL,3,5028092,0.6,0.06
AL,OTHER,1,5028092,0.2,0.02
AL,QB,1,5028092,0.2,0.02
AL,RB,4,5028092,0.8,0.08
AL,ST,1,5028092,0.2,0.02
AL,WR,11,5028092,2.19,0.22
AR,DL,3,3018669,0.99,0.1
AR,WR,2,3018669,0.66,0.07
AZ,ATH,1,7172282,0.14,0.01
AZ,DB,7,7172282,0.98,0.1
AZ,DL,2,7172282,0.28,0.03
AZ,LB,1,7172282,0.14,0.01
AZ,QB,3,7172282,0.42,0.04
AZ,RB,2,7172282,0.28,0.03
AZ,ST,1,7172282,0.14,0.01
AZ,WR,7,7172282,0.98,0.1
CA,ATH,9,39356104,0.23,0.02
CA,DB,34,39356104,0.86,0.09
CA,DL,20,39356104,0.51,0.05
CA,LB,16,39356104,0.41,0.04
CA,OL,14,39356104,0.36,0.04
CA,OTHER,3,39356104,0.08,0.01
CA,QB,16,39356104,0.41,0.04
CA,RB,8,39356104,0.2,0.02
CA,ST,6,39356104,0.15,0.02
CA,TE,8,39356104,0.2,0.02
CA,WR,33,39356104,0.84,0.08
CO,ATH,3,5770790,0.52,0.05
CO,DB,2,5770790,0.35,0.03
CO,DL,2,5770790,0.35,0.03
CO,LB,1,5770790,0.17,0.02
CO,OL,1,5770790,0.17,0.02
CO,RB,2,5770790,0.35,0.03
CO,ST,1,5770790,0.17,0.02
CO,TE,2,5770790,0.35,0.03
CO,WR,1,5770790,0.17,0.02
CT,ATH,2,3611317,0.55,0.06
CT,DB,2,3611317,0.55,0.06
CT,DL,2,3611317,0.55,0.06
CT,LB,3,3611317,0.83,0.08
CT,OL,4,3611317,1.11,0.11
CT,QB,1,3611317,0.28,0.03
CT,ST,1,3611317,0.28,0.03
CT,TE,1,3611317,0.28,0.03
CT,WR,3,3611317,0.83,0.08
DE,ATH,2,993635,2.01,0.2
DE,LB,1,993635,1.01,0.1
DE,OL,1,993635,1.01,0.1
DE,TE,1,993635,1.01,0.1
DE,WR,1,993635,1.01,0.1
FL,ATH,9,21634529,0.42,0.04
FL,DB,68,21634529,3.14,0.31
FL,DL,33,21634529,1.53,0.15
FL,LB,24,21634529,1.11,0.11
FL,OL,18,21634529,0.83,0.08
FL,OTHER,3,21634529,0.14,0.01
FL,QB,13,21634529,0.6,0.06
FL,RB,28,21634529,1.29,0.13
FL,ST,3,21634529,0.14,0.01
FL,TE,7,21634529,0.32,0.03
FL,WR,38,21634529,1.76,0.18
GA,ATH,16,10722325,1.49,0.15
GA,DB,30,10722325,2.8,0.28
GA,DL,37,10722325,3.45,0.35
GA,LB,20,10722325,1.87,0.19
GA,OL,11,10722325,1.03,0.1
GA,OTHER,2,10722325,0.19,0.02
GA,QB,7,10722325,0.65,0.07
GA,RB,13,10722325,1.21,0.12
GA,ST,4,10722325,0.37,0.04
GA,TE,8,10722325,0.75,0.07
GA,WR,20,10722325,1.87,0.19
HI,DL,2,1450589,1.38,0.14
HI,LB,3,1450589,2.07,0.21
HI,OL,1,1450589,0.69,0.07
HI,OTHER,1,1450589,0.69,0.07
HI,QB,1,1450589,0.69,0.07
HI,WR,1,1450589,0.69,0.07
IA,ATH,1,3188836,0.31,0.03
IA,DB,2,3188836,0.63,0.06
IA,DL,1,3188836,0.31,0.03
IA,OL,1,3188836,0.31,0.03
IA,OTHER,1,3188836,0.31,0.03
IA,QB,2,3188836,0.63,0.06
IA,TE,3,3188836,0.94,0.09
IA,WR,1,3188836,0.31,0.03
ID,DL,1,1854109,0.54,0.05
ID,OTHER,1,1854109,0.54,0.05
ID,QB,2,1854109,1.08,0.11
ID,TE,1,1854109,0.54,0.05
IL,ATH,4,12757634,0.31,0.03
IL,DB,4,12757634,0.31,0.03
IL,DL,6,12757634,0.47,0.05
IL,LB,4,12757634,0.31,0.03
IL,OL,6,12757634,0.47,0.05
IL,OTHER,1,12757634,0.08,0.01
IL,QB,2,12757634,0.16,0.02
IL,RB,6,12757634,0.47,0.05
IL,ST,4,12757634,0.31,0.03
IL,TE,3,12757634,0.24,0.02
IL,WR,7,12757634,0.55,0.05
IN,ATH,2,6784403,0.29,0.03
IN,DB,3,6784403,0.44,0.04
IN,DL,5,6784403,0.74,0.07
IN,LB,4,6784403,0.59,0.06
IN,OL,2,6784403,0.29,0.03
IN,OTHER,3,6784403,0.44,0.04
IN,RB,2,6784403,0.29,0.03
IN,ST,1,6784403,0.15,0.01
IN,TE,1,6784403,0.15,0.01
IN,WR,7,6784403,1.03,0.1
KS,ATH,1,2935922,0.34,0.03
KS,DB,2,2935922,0.68,0.07
KS,DL,1,2935922,0.34,0.03
KS,QB,1,2935922,0.34,0.03
KS,RB,2,2935922,0.68,0.07
KY,DB,6,4502935,1.33,0.13
KY,DL,1,4502935,0.22,0.02
KY,LB,1,4502935,0.22,0.02
KY,OL,3,4502935,0.67,0.07
KY,QB,1,4502935,0.22,0.02
KY,RB,3,4502935,0.67,0.07
KY,TE,1,4502935,0.22,0.02
KY,WR,1,4502935,0.22,0.02
LA,ATH,7,4640546,1.51,0.15
LA,DB,16,4640546,3.45,0.34
LA,DL,7,4640546,1.51,0.15
LA,LB,11,4640546,2.37,0.24
LA,OL,5,4640546,1.08,0.11
LA,OTHER,3,4640546,0.65,0.06
LA,RB,12,4640546,2.59,0.26
LA,TE,1,4640546,0.22,0.02
LA,WR,19,4640546,4.09,0.41
MA,ATH,2,6984205,0.29,0.03
MA,DB,1,6984205,0.14,0.01
MA,DL,1,6984205,0.14,0.01
MA,LB,2,6984205,0.29,0.03
MA,OL,2,6984205,0.29,0.03
MA,OTHER,1,6984205,0.14,0.01
MA,QB,2,6984205,0.29,0.03
MA,TE,2,6984205,0.29,0.03
MA,WR,1,6984205,0.14,0.01
MD,ATH,3,6161707,0.49,0.05
MD,DB,14,6161707,2.27,0.23
MD,DL,14,6161707,2.27,0.23
MD,LB,5,6161707,0.81,0.08
MD,OL,8,6161707,1.3,0.13
MD,OTHER,1,6161707,0.16,0.02
MD,QB,1,6161707,0.16,0.02
MD,RB,2,6161707,0.32,0.03
MD,ST,1,6161707,0.16,0.02
MD,WR,5,6161707,0.81,0.08
MI,ATH,4,10057921,0.4,0.04
MI,DB,11,10057921,1.09,0.11
MI,DL,11,10057921,1.09,0.11
MI,LB,6,10057921,0.6,0.06
MI,OL,9,10057921,0.89,0.09
MI,QB,2,10057921,0.2,0.02
MI,RB,4,10057921,0.4,0.04
MI,WR,4,10057921,0.4,0.04
MN,ATH,2,5695292,0.35,0.04
MN,LB,1,5695292,0.18,0.02
MN,OL,2,5695292,0.35,0.04
MN,TE,1,5695292,0.18,0.02
MN,WR,2,5695292,0.35,0.04
MO,ATH,2,6154422,0.32,0.03
MO,DB,3,6154422,0.49,0.05
MO,DL,3,6154422,0.49,0.05
MO,LB,4,6154422,0.65,0.06
MO,OTHER,1,6154422,0.16,0.02
MO,QB,1,6154422,0.16,0.02
MO,RB,1,6154422,0.16,0.02
MO,ST,1,6154422,0.16,0.02
MO,TE,1,6154422,0.16,0.02
MO,WR,3,6154422,0.49,0.05
MS,ATH,5,2958846,1.69,0.17
MS,DB,3,2958846,1.01,0.1
MS,DL,11,2958846,3.72,0.37
MS,LB,5,2958846,1.69,0.17
MS,OL,3,2958846,1.01,0.1
MS,RB,3,2958846,1.01,0.1
MS,WR,6,2958846,2.03,0.2
MT,DL,1,1091840,0.92,0.09
NC,ATH,2,10470214,0.19,0.02
NC,DB,5,10470214,0.48,0.05
NC,DL,16,10470214,1.53,0.15
NC,LB,6,10470214,0.57,0.06
NC,OL,4,10470214,0.38,0.04
NC,OTHER,3,10470214,0.29,0.03
NC,QB,5,10470214,0.48,0.05
NC,RB,8,10470214,0.76,0.08
NC,ST,1,10470214,0.1,0.01
NC,TE,2,10470214,0.19,0.02
NC,WR,9,10470214,0.86,0.09
NE,ATH,1,1958939,0.51,0.05
NE,TE,1,1958939,0.51,0.05
NJ,ATH,8,9249063,0.86,0.09
NJ,DB,7,9249063,0.76,0.08
NJ,DL,10,9249063,1.08,0.11
NJ,LB,5,9249063,0.54,0.05
NJ,OL,5,9249063,0.54,0.05
NJ,OTHER,2,9249063,0.22,0.02
NJ,QB,1,9249063,0.11,0.01
NJ,RB,6,9249063,0.65,0.06
NJ,TE,2,9249063,0.22,0.02
NJ,WR,6,9249063,0.65,0.06
NM,DL,1,2112463,0.47,0.05
NM,OL,1,2112463,0.47,0.05
NM,QB,1,2112463,0.47,0.05
NM,TE,1,2112463,0.47,0.05
NV,ATH,2,3104817,0.64,0.06
NV,LB,1,3104817,0.32,0.03
NV,OL,1,3104817,0.32,0.03
NV,QB,1,3104817,0.32,0.03
NV,TE,4,3104817,1.29,0.13
NV,WR,4,3104817,1.29,0.13
NY,ATH,2,19994379,0.1,0.01
NY,DL,1,19994379,0.05,0.01
NY,LB,3,19994379,0.15,0.02
NY,OTHER,1,19994379,0.05,0.01
NY,QB,1,19994379,0.05,0.01
NY,RB,3,19994379,0.15,0.02
NY,TE,3,19994379,0.15,0.02
OH,ATH,4,11774683,0.34,0.03
OH,DB,10,11774683,0.85,0.08
OH,DL,10,11774683,0.85,0.08
OH,LB,7,11774683,0.59,0.06
OH,OL,9,11774683,0.76,0.08
OH,OTHER,2,11774683,0.17,0.02
OH,QB,3,11774683,0.25,0.03
OH,RB,6,11774683,0.51,0.05
OH,ST,3,11774683,0.25,0.03
OH,TE,7,11774683,0.59,0.06
OH,WR,7,11774683,0.59,0.06
OK,ATH,2,3970497,0.5,0.05
OK,DB,4,3970497,1.01,0.1
OK,DL,2,3970497,0.5,0.05
OK,LB,1,3970497,0.25,0.03
OK,OL,2,3970497,0.5,0.05
OK,OTHER,2,3970497,0.5,0.05
OK,RB,4,3970497,1.01,0.1
OK,ST,1,3970497,0.25,0.03
OK,TE,1,3970497,0.25,0.03
OK,WR,2,3970497,0.5,0.05
OR,ATH,3,4229374,0.71,0.07
OR,DB,2,4229374,0.47,0.05
OR,DL,1,4229374,0.24,0.02
OR,LB,1,4229374,0.24,0.02
OR,OL,1,4229374,0.24,0.02
OR,QB,1,4229374,0.24,0.02
OR,TE,3,4229374,0.71,0.07
OR,WR,1,4229374,0.24,0.02
PA,ATH,3,12989208,0.23,0.02
PA,DB,10,12989208,0.77,0.08
PA,DL,8,12989208,0.62,0.06
PA,LB,5,12989208,0.38,0.04
PA,OL,2,12989208,0.15,0.02
PA,OTHER,3,12989208,0.23,0.02
PA,QB,2,12989208,0.15,0.02
PA,RB,5,12989208,0.38,0.04
PA,TE,3,12989208,0.23,0.02
PA,WR,5,12989208,0.38,0.04
RI,OL,1,1094250,0.91,0.09
SC,ATH,3,5142750,0.58,0.06
SC,DB,6,5142750,1.17,0.12
SC,DL,9,5142750,1.75,0.18
SC,LB,4,5142750,0.78,0.08
SC,OL,5,5142750,0.97,0.1
SC,QB,2,5142750,0.39,0.04
SC,ST,2,5142750,0.39,0.04
SC,TE,3,5142750,0.58,0.06
SC,WR,7,5142750,1.36,0.14
TN,ATH,1,6923772,0.14,0.01
TN,DB,6,6923772,0.87,0.09
TN,DL,7,6923772,1.01,0.1
TN,LB,8,6923772,1.16,0.12
TN,OL,4,6923772,0.58,0.06
TN,QB,1,6923772,0.14,0.01
TN,RB,7,6923772,1.01,0.1
TN,TE,1,6923772,0.14,0.01
TN,WR,6,6923772,0.87,0.09
TX,ATH,15,29243342,0.51,0.05
TX,DB,60,29243342,2.05,0.21
TX,DL,39,29243342,1.33,0.13
TX,LB,17,29243342,0.58,0.06
TX,OL,23,29243342,0.79,0.08
TX,OTHER,7,29243342,0.24,0.02
TX,QB,13,29243342,0.44,0.04
TX,RB,30,29243342,1.03,0.1
TX,ST,4,29243342,0.14,0.01
TX,TE,8,29243342,0.27,0.03
TX,WR,38,29243342,1.3,0.13
UT,ATH,1,3283809,0.3,0.03
UT,DB,2,3283809,0.61,0.06
UT,DL,5,3283809,1.52,0.15
UT,LB,2,3283809,0.61,0.06
UT,OL,4,3283809,1.22,0.12
UT,OTHER,1,3283809,0.3,0.03
UT,QB,2,3283809,0.61,0.06
UT,RB,2,3283809,0.61,0.06
UT,TE,2,3283809,0.61,0.06
UT,WR,2,3283809,0.61,0.06
VA,ATH,4,8624511,0.46,0.05
VA,DB,4,8624511,0.46,0.05
VA,DL,12,8624511,1.39,0.14
VA,LB,4,8624511,0.46,0.05
VA,OL,3,8624511,0.35,0.03
VA,OTHER,1,8624511,0.12,0.01
VA,QB,2,8624511,0.23,0.02
VA,RB,1,8624511,0.12,0.01
VA,TE,2,8624511,0.23,0.02
VA,WR,7,8624511,0.81,0.08
WA,ATH,4,7688549,0.52,0.05
WA,DB,3,7688549,0.39,0.04
WA,DL,2,7688549,0.26,0.03
WA,LB,1,7688549,0.13,0.01
WA,OL,4,7688549,0.52,0.05
WA,QB,2,7688549,0.26,0.03
WA,RB,1,7688549,0.13,0.01
WA,TE,1,7688549,0.13,0.01
WA,WR,5,7688549,0.65,0.07
WI,ATH,1,5882128,0.17,0.02
WI,DB,1,5882128,0.17,0.02
WI,DL,1,5882128,0.17,0.02
WI,LB,1,5882128,0.17,0.02
WI,OL,6,5882128,1.02,0.1
WI,QB,1,5882128,0.17,0.02
WV,DL,1,1792967,0.56,0.06
WV,LB,1,1792967,0.56,0.06
WV,OL,2,1792967,1.12,0.11
WV,RB,1,1792967,0.56,0.06
WV,TE,1,1792967,0.56,0.06
WY,QB,1,577929,1.73,0.17
